<?xml version="1.0" encoding="UTF-8" ?>
<?demandware-pipeline version="2.0"?>

<pipeline type="view">
  <branch basename="Start">
    <segment>
      <node>
        <start-node name="Start" secure="false"/>
        <node-display x="1" y="0"/>
      </node>
      <simple-transition>
        <transition-display>
          <bend-point relative-to="target" x="0" y="1"/>
        </transition-display>
      </simple-transition>
      <node>
        <pipelet-node pipelet-name="ExportCatalog" pipelet-set-identifier="bc_api">
          <key-binding alias="CatalogMgr.getCatalog('storefront-catalog-en');" key="Catalog"/>
          <key-binding alias="'BhalinderExportedFile'" key="ExportFile"/>
          <key-binding alias="null" key="Categories"/>
          <key-binding alias="null" key="ExportProducts"/>
          <key-binding alias="null" key="ExportCategories"/>
          <key-binding alias="null" key="ExportSubCategories"/>
          <key-binding alias="null" key="OverwriteExportFile"/>
          <key-binding alias="null" key="ErrorCode"/>
          <key-binding alias="null" key="ErrorMsg"/>
          <key-binding alias="null" key="LogFileName"/>
          <key-binding alias="null" key="Status"/>
          <key-binding alias="null" key="ExportCategoryAssignments"/>
          <key-binding alias="null" key="ExportRecommendations"/>
          <key-binding alias="null" key="ExportProductOptions"/>
          <key-binding alias="null" key="ExportVariationAttributes"/>
          <key-binding alias="null" key="Products"/>
        </pipelet-node>
        <node-display x="0" y="1"/>
      </node>
      <simple-transition/>
      <node>
        <pipelet-node pipelet-name="ExportInventoryLists" pipelet-set-identifier="bc_api">
          <key-binding alias="ExportFile" key="ExportFile"/>
          <key-binding alias="null" key="OverwriteExportFile"/>
          <key-binding alias="InventoryLists" key="InventoryLists"/>
          <key-binding alias="null" key="ErrorCode"/>
          <key-binding alias="null" key="ErrorMsg"/>
          <key-binding alias="null" key="LogFileName"/>
          <key-binding alias="null" key="Status"/>
        </pipelet-node>
        <node-display x="0" y="1"/>
      </node>
      <simple-transition/>
      <node>
        <interaction-node transaction-required="false">
          <template buffered="true" dynamic="false" name="testing"/>
        </interaction-node>
        <node-display x="0" y="1"/>
      </node>
    </segment>
  </branch>
</pipeline>
