<?xml version="1.0" encoding="UTF-8" ?>
<?demandware-pipeline version="2.0"?>

<pipeline type="view">
  <branch basename="Start">
    <segment>
      <node>
        <start-node call-mode="private" name="Start" secure="false"/>
        <node-display x="1" y="0"/>
      </node>
      <simple-transition/>
      <node>
        <pipelet-node custom-name="InitParameters" pipelet-name="Assign" pipelet-set-identifier="bc_api">
          <config-property key="Transactional" value="false"/>
          <key-binding alias="CurrentWorkflowComponentInstance.getParameterValue('CatalogFilePattern')" key="From_0"/>
          <key-binding alias="RemoteFilePattern" key="To_0"/>
          <key-binding alias="CurrentWorkflowComponentInstance.getParameterValue('RemoteFolderURL')" key="From_1"/>
          <key-binding alias="RemoteFolderURL" key="To_1"/>
          <key-binding alias="CurrentWorkflowComponentInstance.getParameterValue('RemoteLogin')" key="From_2"/>
          <key-binding alias="RemoteLogin" key="To_2"/>
          <key-binding alias="CurrentWorkflowComponentInstance.getParameterValue('RemotePassword')" key="From_3"/>
          <key-binding alias="RemotePassword" key="To_3"/>
          <key-binding alias="CurrentWorkflowComponentInstance.getParameterValue('TempFolder')" key="From_4"/>
          <key-binding alias="TempFolder" key="To_4"/>
          <key-binding alias="msg" key="To_5"/>
          <key-binding alias="null" key="From_6"/>
          <key-binding alias="null" key="To_6"/>
          <key-binding alias="null" key="From_7"/>
          <key-binding alias="null" key="To_7"/>
          <key-binding alias="null" key="From_8"/>
          <key-binding alias="null" key="To_8"/>
          <key-binding alias="null" key="From_9"/>
          <key-binding alias="null" key="To_9"/>
          <key-binding alias="CurrentWorkflowComponentInstance.getParameterValue('justMessage')" key="From_5"/>
        </pipelet-node>
        <node-display x="0" y="1"/>
      </node>
      <simple-transition>
        <transition-display>
          <bend-point relative-to="source" x="0" y="1"/>
        </transition-display>
      </simple-transition>
      <node>
        <pipelet-node pipelet-name="Script" pipelet-set-identifier="bc_api">
          <config-property key="Transactional" value="false"/>
          <config-property key="OnError" value="PIPELET_ERROR"/>
          <config-property key="ScriptFile" value="webdavImport.ds"/>
          <key-binding alias="Log" key="ScriptLog"/>
          <key-binding alias="RemoteLogin" key="RemoteLogin"/>
          <key-binding alias="RemotePassword" key="RemotePassword"/>
          <key-binding alias="RemoteFolderURL" key="RemoteFolderURL"/>
          <key-binding alias="TempFolder" key="TempFolder"/>
          <key-binding alias="myError" key="TechnicalError"/>
          <key-binding alias="myFile" key="File"/>
          <key-binding alias="myRemoteFile" key="RemoteFile"/>
          <key-binding alias="RemoteFilePattern" key="RemoteFilePattern"/>
        </pipelet-node>
        <node-display x="0" y="1"/>
        <branch basename="b2" source-connector="error">
          <transition target-connector="in">
            <transition-display>
              <bend-point relative-to="source" x="2" y="0"/>
              <bend-point relative-to="target" x="0" y="-1"/>
            </transition-display>
          </transition>
          <segment>
            <node>
              <end-node name="ERROR"/>
              <node-display x="1" y="1"/>
            </node>
          </segment>
        </branch>
      </node>
      <simple-transition>
        <transition-display>
          <bend-point relative-to="source" x="0" y="1"/>
        </transition-display>
      </simple-transition>
      <node>
        <end-node name="OK"/>
        <node-display x="0" y="1"/>
      </node>
    </segment>
  </branch>
</pipeline>
