<?xml version="1.0" encoding="UTF-8" ?>
<?demandware-pipeline version="2.0"?>

<pipeline type="view">
  <branch basename="Start">
    <segment>
      <node>
        <start-node name="Start" secure="false"/>
        <node-display x="1" y="0"/>
      </node>
      <simple-transition>
        <transition-display>
          <bend-point relative-to="source" x="0" y="1"/>
        </transition-display>
      </simple-transition>
      <node>
        <pipelet-node pipelet-name="GetBasket" pipelet-set-identifier="bc_api">
          <config-property key="Create" value="false"/>
          <key-binding alias="Basket" key="Basket"/>
          <key-binding alias="null" key="StoredBasket"/>
        </pipelet-node>
        <node-display x="0" y="1"/>
      </node>
      <simple-transition>
        <transition-display>
          <bend-point relative-to="source" x="0" y="1"/>
        </transition-display>
      </simple-transition>
      <node>
        <interaction-node transaction-required="false">
          <template buffered="true" dynamic="false" name="basketV2"/>
        </interaction-node>
        <node-display x="0" y="1"/>
      </node>
    </segment>
  </branch>
</pipeline>
