<?xml version="1.0" encoding="UTF-8" ?>
<?demandware-pipeline version="2.0"?>

<pipeline type="view">
  <branch basename="Start">
    <segment>
      <node>
        <start-node name="Start" secure="false"/>
        <node-display x="1" y="0"/>
      </node>
      <simple-transition/>
      <node>
        <pipelet-node pipelet-name="ClearFormElement" pipelet-set-identifier="bc_api">
          <key-binding alias="CurrentForms.newsletter" key="FormElement"/>
        </pipelet-node>
        <node-display x="0" y="1"/>
      </node>
      <transition target-connector="in1" target-path="./+1"/>
    </segment>
    <segment>
      <node>
        <join-node/>
        <node-display x="0" y="1"/>
      </node>
      <simple-transition/>
      <node>
        <interaction-continue-node secure="false" start-name="NewsletterForm" transaction-required="false">
          <template buffered="true" dynamic="false" name="newsletter/newslettersignup"/>
        </interaction-continue-node>
        <node-display x="0" y="1"/>
        <branch basename="b2" source-connector="subscribe">
          <transition target-connector="in"/>
          <segment>
            <node>
              <pipelet-node pipelet-name="Script" pipelet-set-identifier="bc_api">
                <config-property key="Transactional" value="true"/>
                <config-property key="OnError" value="PIPELET_ERROR"/>
                <config-property key="ScriptFile" value="newsletter/SignUpNewsletter.ds"/>
                <key-binding alias="Log" key="ScriptLog"/>
                <key-binding alias="CurrentForms.newsletter.email.value" key="email"/>
                <key-binding alias="CurrentForms.newsletter.fname.value" key="firstName"/>
                <key-binding alias="CurrentForms.newsletter.lname.value" key="lastName"/>
                <key-binding alias="Subscription" key="subscription"/>
              </pipelet-node>
              <node-display x="0" y="2"/>
              <branch basename="b2" source-connector="error">
                <transition target-connector="in">
                  <transition-display>
                    <bend-point relative-to="target" x="0" y="-2"/>
                    <bend-point relative-to="target" x="0" y="-1"/>
                  </transition-display>
                </transition>
                <segment>
                  <node>
                    <interaction-node transaction-required="false">
                      <template buffered="true" dynamic="false" name="newsletter/newslettererror"/>
                    </interaction-node>
                    <node-display x="2" y="1"/>
                  </node>
                </segment>
              </branch>
            </node>
            <simple-transition>
              <transition-display>
                <bend-point relative-to="source" x="0" y="1"/>
              </transition-display>
            </simple-transition>
            <node>
              <interaction-node transaction-required="false">
                <template buffered="true" dynamic="false" name="newsletter/newslettersuccessV2"/>
              </interaction-node>
              <node-display x="0" y="1"/>
            </node>
          </segment>
        </branch>
      </node>
      <transition target-connector="in1" target-path="./+1"/>
    </segment>
    <segment>
      <node>
        <join-node/>
        <node-display x="-1" y="-1"/>
      </node>
      <transition target-connector="in2" target-path="./-1"/>
    </segment>
  </branch>
</pipeline>
