<?xml version="1.0" encoding="UTF-8" ?>
<?demandware-pipeline version="2.0"?>

<pipeline type="view">
  <branch basename="Start">
    <segment>
      <node>
        <start-node name="Start" secure="false"/>
        <node-display x="1" y="0"/>
      </node>
      <simple-transition/>
      <node>
        <pipelet-node pipelet-name="Script" pipelet-set-identifier="bc_api">
          <config-property key="Transactional" value="false"/>
          <config-property key="OnError" value="PIPELET_ERROR"/>
          <config-property key="ScriptFile" value="product/GetProductV2.ds"/>
          <key-binding alias="Log" key="ScriptLog"/>
          <key-binding alias="CurrentHttpParameterMap.pid.stringValue" key="ProductID"/>
          <key-binding alias="myProduct" key="Product"/>
        </pipelet-node>
        <node-display x="0" y="1"/>
        <branch basename="b2" source-connector="error">
          <transition target-connector="in">
            <transition-display>
              <bend-point relative-to="source" x="2" y="0"/>
            </transition-display>
          </transition>
          <segment>
            <node>
              <interaction-node transaction-required="false">
                <template buffered="true" dynamic="false" name="training/productnotfound"/>
              </interaction-node>
              <node-display x="1" y="1"/>
            </node>
          </segment>
        </branch>
      </node>
      <simple-transition/>
      <node>
        <interaction-node transaction-required="false">
          <template buffered="true" dynamic="false" name="training/productV3"/>
        </interaction-node>
        <node-display x="0" y="1"/>
      </node>
    </segment>
  </branch>
</pipeline>
