<?xml version="1.0" encoding="UTF-8" ?>
<?demandware-pipeline version="2.0"?>

<pipeline type="process">
  <branch basename="_ANONYMOUS_BRANCH_1">
    <segment>
      <node>
        <text-node>
          <description>Pipeline that exports custom object instances older than one week and then deletes those</description>
        </text-node>
        <node-display x="1" y="0"/>
      </node>
    </segment>
  </branch>
  <branch basename="Start">
    <segment>
      <node>
        <start-node call-mode="private" name="Start" secure="false"/>
        <node-display x="1" y="1"/>
      </node>
      <simple-transition>
        <transition-display>
          <bend-point relative-to="source" x="0" y="1"/>
        </transition-display>
      </simple-transition>
      <node>
        <pipelet-node pipelet-name="Script" pipelet-set-identifier="bc_api">
          <config-property key="Transactional" value="true"/>
          <config-property key="OnError" value="PIPELET_ERROR"/>
          <config-property key="ScriptFile" value="SetExported.ds"/>
          <key-binding alias="null" key="ScriptLog"/>
        </pipelet-node>
        <node-display x="0" y="1"/>
        <branch basename="b2" source-connector="error">
          <transition target-connector="in1" target-path="./b3.1/b2.1">
            <transition-display>
              <bend-point relative-to="source" x="4" y="0"/>
            </transition-display>
          </transition>
        </branch>
      </node>
      <simple-transition>
        <transition-display>
          <bend-point relative-to="source" x="0" y="1"/>
        </transition-display>
      </simple-transition>
      <node>
        <pipelet-node pipelet-name="SearchCustomObject" pipelet-set-identifier="bc_api">
          <config-property key="CaseSensitive" value="false"/>
          <config-property key="CustomObjectType" value="NewsletterSubscription"/>
          <config-property key="SearchExpression" value="custom.exported = true"/>
          <key-binding alias="SearchResult" key="SearchResult"/>
          <key-binding alias="SearchResultCount" key="SearchResultCount"/>
          <key-binding alias="null" key="Search1Key"/>
          <key-binding alias="null" key="Search2Key"/>
          <key-binding alias="null" key="Search3Key"/>
          <key-binding alias="null" key="Search4Key"/>
          <key-binding alias="null" key="Search5Key"/>
          <key-binding alias="null" key="Search2Value"/>
          <key-binding alias="null" key="Search3Value"/>
          <key-binding alias="null" key="Search4Value"/>
          <key-binding alias="null" key="Search5Value"/>
          <key-binding alias="null" key="SortBy1"/>
          <key-binding alias="null" key="SortBy1Direction"/>
          <key-binding alias="null" key="SortBy2"/>
          <key-binding alias="null" key="SortBy2Direction"/>
          <key-binding alias="null" key="SortBy3"/>
          <key-binding alias="null" key="SortBy3Direction"/>
        </pipelet-node>
        <node-display x="0" y="1"/>
      </node>
      <simple-transition/>
      <node>
        <decision-node condition-key="!empty(SearchResult)" condition-operator="expr"/>
        <node-display x="0" y="1"/>
        <branch basename="b3" source-connector="yes">
          <transition target-connector="in"/>
          <segment>
            <node>
              <pipelet-node pipelet-name="Assign" pipelet-set-identifier="bc_api">
                <config-property key="Transactional" value="false"/>
                <key-binding alias="dw.util.StringUtils.formatCalendar(new dw.util.Calendar(), 'yyyyMMddHHmmss')" key="From_0"/>
                <key-binding alias="timestamp" key="To_0"/>
                <key-binding alias="['customization/ExportedNewsletterSubscriptions_',timestamp,'.xml'].join('')" key="From_1"/>
                <key-binding alias="FileName" key="To_1"/>
                <key-binding alias="null" key="From_2"/>
                <key-binding alias="null" key="To_2"/>
                <key-binding alias="null" key="From_3"/>
                <key-binding alias="null" key="To_3"/>
                <key-binding alias="null" key="From_4"/>
                <key-binding alias="null" key="To_4"/>
                <key-binding alias="null" key="From_5"/>
                <key-binding alias="null" key="To_5"/>
                <key-binding alias="null" key="From_6"/>
                <key-binding alias="null" key="To_6"/>
                <key-binding alias="null" key="From_7"/>
                <key-binding alias="null" key="To_7"/>
                <key-binding alias="null" key="From_8"/>
                <key-binding alias="null" key="To_8"/>
                <key-binding alias="null" key="From_9"/>
                <key-binding alias="null" key="To_9"/>
              </pipelet-node>
              <node-display x="0" y="1"/>
            </node>
            <simple-transition/>
            <node>
              <pipelet-node pipelet-name="ExportCustomObjects" pipelet-set-identifier="bc_api">
                <key-binding alias="FileName" key="ExportFile"/>
                <key-binding alias="true" key="OverwriteExportFile"/>
                <key-binding alias="SearchResult" key="CustomObjects"/>
              </pipelet-node>
              <node-display x="0" y="1"/>
              <branch basename="b2" source-connector="error">
                <transition target-connector="in1"/>
                <segment>
                  <node>
                    <join-node/>
                    <node-display x="2" y="0"/>
                  </node>
                  <transition target-connector="in1" target-path="../b3.1">
                    <transition-display>
                      <bend-point relative-to="source" x="0" y="2"/>
                    </transition-display>
                  </transition>
                </segment>
              </branch>
            </node>
            <simple-transition>
              <transition-display>
                <bend-point relative-to="source" x="0" y="1"/>
              </transition-display>
            </simple-transition>
            <node>
              <pipelet-node pipelet-name="Script" pipelet-set-identifier="bc_api">
                <config-property key="Transactional" value="true"/>
                <config-property key="OnError" value="PIPELET_ERROR"/>
                <config-property key="ScriptFile" value="DeleteCustomObject.ds"/>
                <key-binding alias="null" key="ScriptLog"/>
              </pipelet-node>
              <node-display x="0" y="1"/>
              <branch basename="b3" source-connector="error">
                <transition target-connector="in1"/>
                <segment>
                  <node>
                    <join-node/>
                    <node-display x="1" y="0"/>
                  </node>
                  <simple-transition>
                    <transition-display>
                      <bend-point relative-to="source" x="0" y="1"/>
                    </transition-display>
                  </simple-transition>
                  <node>
                    <stop-node name="ERROR"/>
                    <node-display x="0" y="1"/>
                  </node>
                </segment>
              </branch>
            </node>
            <simple-transition>
              <transition-display>
                <bend-point relative-to="source" x="0" y="1"/>
              </transition-display>
            </simple-transition>
            <node>
              <end-node name="Success"/>
              <node-display x="0" y="1"/>
            </node>
          </segment>
        </branch>
      </node>
      <simple-transition>
        <transition-display>
          <bend-point relative-to="source" x="1" y="0"/>
        </transition-display>
      </simple-transition>
      <node>
        <end-node/>
        <node-display orientation="horizontal" x="1" y="0"/>
      </node>
    </segment>
  </branch>
  <branch basename="_ANONYMOUS_BRANCH_3">
    <segment>
      <node>
        <text-node>
          <description>call of SetExported.ds script pipelet to set &quot;export&quot; flag</description>
        </text-node>
        <node-display x="0" y="2"/>
      </node>
    </segment>
  </branch>
  <branch basename="_ANONYMOUS_BRANCH_4">
    <segment>
      <node>
        <text-node>
          <description>search all CO with 
custom.exported = true and put it in the SearchResult</description>
        </text-node>
        <node-display x="0" y="3"/>
      </node>
    </segment>
  </branch>
  <branch basename="TriggerError">
    <segment>
      <node>
        <start-node call-mode="private" name="TriggerError" secure="false"/>
        <node-display x="4" y="1"/>
      </node>
      <simple-transition>
        <transition-display>
          <bend-point relative-to="target" x="0" y="-1"/>
        </transition-display>
      </simple-transition>
      <node>
        <stop-node name="Error"/>
        <node-display x="0" y="2"/>
      </node>
    </segment>
  </branch>
  <branch basename="_ANONYMOUS_BRANCH_6">
    <segment>
      <node>
        <text-node>
          <description>If there are not CO returned in the SearchResult the job ends</description>
        </text-node>
        <node-display x="0" y="4"/>
      </node>
    </segment>
  </branch>
  <branch basename="_ANONYMOUS_BRANCH_7">
    <segment>
      <node>
        <text-node>
          <description>configure file name for export files</description>
        </text-node>
        <node-display x="0" y="5"/>
      </node>
    </segment>
  </branch>
  <branch basename="_ANONYMOUS_BRANCH_8">
    <segment>
      <node>
        <text-node>
          <description>export all CO returned in the SearchResult</description>
        </text-node>
        <node-display x="0" y="6"/>
      </node>
    </segment>
  </branch>
  <branch basename="_ANONYMOUS_BRANCH_9">
    <segment>
      <node>
        <text-node>
          <description>delete all exported CO</description>
        </text-node>
        <node-display x="0" y="7"/>
      </node>
    </segment>
  </branch>
</pipeline>
