<?xml version="1.0" encoding="UTF-8" ?>
<?demandware-pipeline version="2.0"?>

<pipeline group="Feeds" type="job">
  <branch basename="_ANONYMOUS_BRANCH_1">
    <segment>
      <node>
        <text-node>
          <description>This pipeline contains all start nodes that are called by jobs. Currently it is not possible to pass parameters from a job to a pipeline, so whenever you set up a new job configuration, you need to add a new start node.</description>
        </text-node>
        <node-display x="0" y="0"/>
      </node>
    </segment>
  </branch>
  <branch basename="_ANONYMOUS_BRANCH_2">
    <segment>
      <node>
        <text-node>
          <description>This start node is called from a job schedule, e.g. every 15 minutes.</description>
        </text-node>
        <node-display x="1" y="0"/>
      </node>
    </segment>
  </branch>
  <branch basename="StartDefault">
    <segment>
      <node>
        <start-node call-mode="private" name="StartDefault" secure="false"/>
        <node-display x="1" y="1"/>
      </node>
      <simple-transition/>
      <node>
        <pipelet-node pipelet-name="Script" pipelet-set-identifier="bc_api">
          <config-property key="Transactional" value="false"/>
          <config-property key="OnError" value="PIPELET_ERROR"/>
          <config-property key="ScriptFile" value="feeds/GetJobConfiguration.ds"/>
          <key-binding alias="null" key="ScriptLog"/>
          <key-binding alias="CurrentJobParameterMap.Jobid" key="JobConfigurationID"/>
          <key-binding alias="JobConfiguration" key="JobConfiguration"/>
          <key-binding alias="Tasks" key="Tasks"/>
          <key-binding alias="FeedJobConfiguration" key="FeedJobConfiguration"/>
          <key-binding alias="Config" key="Config"/>
        </pipelet-node>
        <node-display x="0" y="1"/>
        <branch basename="b2" source-connector="error">
          <transition target-connector="in">
            <transition-display>
              <bend-point relative-to="source" x="1" y="0"/>
            </transition-display>
          </transition>
          <segment>
            <node>
              <stop-node/>
              <node-display orientation="horizontal" x="1" y="0"/>
            </node>
          </segment>
        </branch>
      </node>
      <simple-transition>
        <transition-display>
          <bend-point relative-to="source" x="0" y="1"/>
        </transition-display>
      </simple-transition>
      <node>
        <call-node start-name-ref="Custom_FeedJob-Start"/>
        <node-display x="0" y="1"/>
      </node>
      <simple-transition>
        <transition-display>
          <bend-point relative-to="source" x="0" y="1"/>
        </transition-display>
      </simple-transition>
      <node>
        <end-node/>
        <node-display x="0" y="1"/>
      </node>
    </segment>
  </branch>
  <branch basename="_ANONYMOUS_BRANCH_4">
    <segment>
      <node>
        <text-node>
          <description>Read configuration from CustomObject. The configuration ID is hard coded to &quot;Default&quot;.</description>
        </text-node>
        <node-display x="0" y="2"/>
      </node>
    </segment>
  </branch>
  <branch basename="_ANONYMOUS_BRANCH_5">
    <segment>
      <node>
        <text-node>
          <description>The Stop node makes the job show as ERROR in BM. Standard job notification for ERRORs can be used.</description>
        </text-node>
        <node-display x="3" y="2"/>
      </node>
    </segment>
  </branch>
</pipeline>
