<tasks>
    <!-- List of supported feed tasks with sample data.                                          -->
    <!-- This configuration is stored in custom object FeedJobConfiguration, attribute tasksXML. -->
    <!-- The order of the tasks defines execution order.                                         -->

    <task id="DownloadAndImportInventoryLists">
        <!-- mandatory, URL to WebDAV or SFTP folder, e.g. "https://www.myserver.com/folder/", "sftp://sftp.myserver.com:22/folder/" -->
        <remote-folder-url>https://www.myserver.invalid/folder/</remote-folder-url>
        <!-- optional, login and password for WebDAV Basic Authentication or Digest Autentication or SFTP -->
        <remote-login>dwserver</remote-login>
        <remote-password>topsecret</remote-password>
        <!-- mandatory, a regular expression, e.g. "^InventoryList_.*\.xml$", matching files are imported in alphanumerical order -->
        <remote-file-pattern>^InventoryList_.*\.xml$</remote-file-pattern>
        <!-- mandatory, e.g. "catalog", folder is underneath Impex share, src folder, folder is created if it doesn't exist yet -->
        <temp-folder>catalog</temp-folder>
        <!-- mandatory, valid values "MERGE", "UPDATE", "REPLACE", "DELETE" -->
        <import-mode>MERGE</import-mode>
        <!-- optional, "TRUE" (regard import as successful even if DATAERRORs occured), "FALSE" (DATAERRORs are regarded as import errors), default is "FALSE" -->
        <ignore-data-errors>FALSE</ignore-data-errors>
        <!-- optional, e.g. "archive", folder is underneath Impex share, src folder, no archiving if not provided -->
        <archive-folder>archive</archive-folder>
        <!-- optional, e.g. "name@company.com", email is sent whenever a file was imported successfully -->
        <success-email>name@company.invalid</success-email>
        <!-- optional, e.g. "name@company.com", email is sent whenever an error occurs -->
        <error-email>name@company.invalid</error-email>
        <!-- optional, valid values "CONTINUE" (in case of download, locking or deletion errors go to next task), "FAIL" (abort execution to allow standard job failure handling), default is CONTINUE -->
        <on-temporary-error>CONTINUE</on-temporary-error>
    </task>
</tasks>
