<tasks>
    <!-- List of supported feed tasks with sample data.                                          -->
    <!-- This configuration is stored in custom object FeedJobConfiguration, attribute tasksXML. -->
    <!-- The order of the tasks defines execution order.                                         -->

    <task id="DownloadAndImportActiveData">
        <!-- mandatory, URL to WebDAV or SFTP folder, e.g. "https://www.myserver.com/folder/", "sftp://sftp.myserver.com:22/folder/" -->
        <remote-folder-url>https://www.myserver.invalid/folder/</remote-folder-url>
        <!-- optional, login and password for WebDAV Basic Authentication or Digest Autentication or SFTP -->
        <remote-login>dwserver</remote-login>
        <remote-password>topsecret</remote-password>
        <!-- mandatory, a regular expression, e.g. "^ActiveData_.*\.csv$", matching files are imported in alphanumerical order -->
        <remote-file-pattern>^ActiveData_.*\.csv$</remote-file-pattern>
        <!-- mandatory, e.g. "activedata", folder is underneath Impex share, src folder, folder is created if it doesn't exist yet -->
        <temp-folder>activedata</temp-folder>
        <!-- optional, "TRUE" (regard import as successful even if DATAERRORs occured), "FALSE" (DATAERRORs are regarded as import errors), default is "FALSE" -->
        <ignore-data-errors>FALSE</ignore-data-errors>
        <!-- optional, e.g. "archive", folder is underneath Impex share, src folder, no archiving if not provided -->
        <archive-folder>archive</archive-folder>
        <!-- optional, e.g. "name@company.com", email is sent whenever a file was imported successfully -->
        <success-email>name@company.invalid</success-email>
        <!-- optional, e.g. "name@company.com", email is sent whenever an error occurs -->
        <error-email>name@company.invalid</error-email>
        <!-- optional, valid values "CONTINUE" (in case of download, locking or deletion errors go to next task), "FAIL" (abort execution to allow standard job failure handling), default is CONTINUE -->
        <on-temporary-error>CONTINUE</on-temporary-error>
    </task>

    <task id="DownloadAndImportCatalog">
        <!-- mandatory, URL to WebDAV or SFTP folder, e.g. "https://www.myserver.com/folder/", "sftp://sftp.myserver.com:22/folder/" -->
        <remote-folder-url>https://www.myserver.invalid/folder/</remote-folder-url>
        <!-- optional, login and password for WebDAV Basic Authentication or Digest Autentication or SFTP -->
        <remote-login>dwserver</remote-login>
        <remote-password>topsecret</remote-password>
        <!-- mandatory, a regular expression, e.g. "^Catalog_.*\.xml$", matching files are imported in alphanumerical order -->
        <remote-file-pattern>^Catalog_.*\.xml$</remote-file-pattern>
        <!-- mandatory, e.g. "catalog", folder is underneath Impex share, src folder, folder is created if it doesn't exist yet -->
        <temp-folder>catalog</temp-folder>
        <!-- mandatory, valid values "MERGE", "UPDATE", "REPLACE", "DELETE" -->
        <import-mode>MERGE</import-mode>
        <!-- optional, "TRUE" (regard import as successful even if DATAERRORs occured), "FALSE" (DATAERRORs are regarded as import errors), default is "FALSE" -->
        <ignore-data-errors>FALSE</ignore-data-errors>
        <!-- optional, e.g. "archive", folder is underneath Impex share, src folder, no archiving if not provided -->
        <archive-folder>archive</archive-folder>
        <!-- optional, e.g. "name@company.com", email is sent whenever a file was imported successfully -->
        <success-email>name@company.invalid</success-email>
        <!-- optional, e.g. "name@company.com", email is sent whenever an error occurs -->
        <error-email>name@company.invalid</error-email>
        <!-- optional, valid values "CONTINUE" (in case of download, locking or deletion errors go to next task), "FAIL" (abort execution to allow standard job failure handling), default is CONTINUE -->
        <on-temporary-error>CONTINUE</on-temporary-error>
    </task>

    <task id="DownloadAndImportContent">
        <!-- mandatory, URL to WebDAV or SFTP folder, e.g. "https://www.myserver.com/folder/", "sftp://sftp.myserver.com:22/folder/" -->
        <remote-folder-url>https://www.myserver.invalid/folder/</remote-folder-url>
        <!-- optional, login and password for WebDAV Basic Authentication or Digest Autentication or SFTP -->
        <remote-login>dwserver</remote-login>
        <remote-password>topsecret</remote-password>
        <!-- mandatory, a regular expression, e.g. "^Library_.*\.xml$", matching files are imported in alphanumerical order -->
        <remote-file-pattern>^Library_.*\.xml$</remote-file-pattern>
        <!-- mandatory, e.g. "library", folder is underneath Impex share, src folder, folder is created if it doesn't exist yet -->
        <temp-folder>library</temp-folder>
        <!-- mandatory, valid values "MERGE", "UPDATE", "REPLACE", "DELETE" -->
        <import-mode>MERGE</import-mode>
        <!-- optional, "TRUE" (regard import as successful even if DATAERRORs occured), "FALSE" (DATAERRORs are regarded as import errors), default is "FALSE" -->
        <ignore-data-errors>FALSE</ignore-data-errors>
        <!-- optional, e.g. "archive", folder is underneath Impex share, src folder, no archiving if not provided -->
        <archive-folder>archive</archive-folder>
        <!-- optional, e.g. "name@company.com", email is sent whenever a file was imported successfully -->
        <success-email>name@company.invalid</success-email>
        <!-- optional, e.g. "name@company.com", email is sent whenever an error occurs -->
        <error-email>name@company.invalid</error-email>
        <!-- optional, valid values "CONTINUE" (in case of download, locking or deletion errors go to next task), "FAIL" (abort execution to allow standard job failure handling), default is CONTINUE -->
        <on-temporary-error>CONTINUE</on-temporary-error>
    </task>

    <task id="DownloadAndImportCoupons">
        <!-- mandatory, URL to WebDAV or SFTP folder, e.g. "https://www.myserver.com/folder/", "sftp://sftp.myserver.com:22/folder/" -->
        <remote-folder-url>https://www.myserver.invalid/folder/</remote-folder-url>
        <!-- optional, login and password for WebDAV Basic Authentication or Digest Autentication or SFTP -->
        <remote-login>dwserver</remote-login>
        <remote-password>topsecret</remote-password>
        <!-- mandatory, a regular expression, e.g. "^Coupons_.*\.xml$", matching files are imported in alphanumerical order -->
        <remote-file-pattern>^Coupons_.*\.xml$</remote-file-pattern>
        <!-- mandatory, e.g. "marketing", folder is underneath Impex share, src folder, folder is created if it doesn't exist yet -->
        <temp-folder>marketing</temp-folder>
        <!-- mandatory, valid values "MERGE", "UPDATE", "REPLACE", "DELETE" -->
        <import-mode>MERGE</import-mode>
        <!-- optional, "TRUE" (regard import as successful even if DATAERRORs occured), "FALSE" (DATAERRORs are regarded as import errors), default is "FALSE" -->
        <ignore-data-errors>FALSE</ignore-data-errors>
        <!-- optional, e.g. "archive", folder is underneath Impex share, src folder, no archiving if not provided -->
        <archive-folder>archive</archive-folder>
        <!-- optional, e.g. "name@company.com", email is sent whenever a file was imported successfully -->
        <success-email>name@company.invalid</success-email>
        <!-- optional, e.g. "name@company.com", email is sent whenever an error occurs -->
        <error-email>name@company.invalid</error-email>
        <!-- optional, valid values "CONTINUE" (in case of download, locking or deletion errors go to next task), "FAIL" (abort execution to allow standard job failure handling), default is CONTINUE -->
        <on-temporary-error>CONTINUE</on-temporary-error>
    </task>

    <task id="DownloadAndImportCustomObjects">
        <!-- mandatory, URL to WebDAV or SFTP folder, e.g. "https://www.myserver.com/folder/", "sftp://sftp.myserver.com:22/folder/" -->
        <remote-folder-url>https://www.myserver.invalid/folder/</remote-folder-url>
        <!-- optional, login and password for WebDAV Basic Authentication or Digest Autentication or SFTP -->
        <remote-login>dwserver</remote-login>
        <remote-password>topsecret</remote-password>
        <!-- mandatory, a regular expression, e.g. "^CustomObjects_.*\.xml$", matching files are imported in alphanumerical order -->
        <remote-file-pattern>^CustomObjects_.*\.xml$</remote-file-pattern>
        <!-- mandatory, e.g. "customobject", folder is underneath Impex share, src folder, folder is created if it doesn't exist yet -->
        <temp-folder>customobject</temp-folder>
        <!-- mandatory, valid values "MERGE", "UPDATE", "REPLACE", "DELETE" -->
        <import-mode>MERGE</import-mode>
        <!-- optional, "TRUE" (regard import as successful even if DATAERRORs occured), "FALSE" (DATAERRORs are regarded as import errors), default is "FALSE" -->
        <ignore-data-errors>FALSE</ignore-data-errors>
        <!-- optional, e.g. "archive", folder is underneath Impex share, src folder, no archiving if not provided -->
        <archive-folder>archive</archive-folder>
        <!-- optional, e.g. "name@company.com", email is sent whenever a file was imported successfully -->
        <success-email>name@company.invalid</success-email>
        <!-- optional, e.g. "name@company.com", email is sent whenever an error occurs -->
        <error-email>name@company.invalid</error-email>
        <!-- optional, valid values "CONTINUE" (in case of download, locking or deletion errors go to next task), "FAIL" (abort execution to allow standard job failure handling), default is CONTINUE -->
        <on-temporary-error>CONTINUE</on-temporary-error>
    </task>

    <task id="DownloadAndImportCustomers">
        <!-- mandatory, URL to WebDAV or SFTP folder, e.g. "https://www.myserver.com/folder/", "sftp://sftp.myserver.com:22/folder/" -->
        <remote-folder-url>https://www.myserver.invalid/folder/</remote-folder-url>
        <!-- optional, login and password for WebDAV Basic Authentication or Digest Autentication or SFTP -->
        <remote-login>dwserver</remote-login>
        <remote-password>topsecret</remote-password>
        <!-- mandatory, a regular expression, e.g. "^Customers_.*\.xml$", matching files are imported in alphanumerical order -->
        <remote-file-pattern>^Customers_.*\.xml$</remote-file-pattern>
        <!-- mandatory, e.g. "customer", folder is underneath Impex share, src folder, folder is created if it doesn't exist yet -->
        <temp-folder>customer</temp-folder>
        <!-- mandatory, valid values "MERGE", "UPDATE", "REPLACE", "DELETE" -->
        <import-mode>MERGE</import-mode>
        <!-- optional, "TRUE" (regard import as successful even if DATAERRORs occured), "FALSE" (DATAERRORs are regarded as import errors), default is "FALSE" -->
        <ignore-data-errors>FALSE</ignore-data-errors>
        <!-- optional, e.g. "archive", folder is underneath Impex share, src folder, no archiving if not provided -->
        <archive-folder>archive</archive-folder>
        <!-- optional, e.g. "name@company.com", email is sent whenever a file was imported successfully -->
        <success-email>name@company.invalid</success-email>
        <!-- optional, e.g. "name@company.com", email is sent whenever an error occurs -->
        <error-email>name@company.invalid</error-email>
        <!-- optional, valid values "CONTINUE" (in case of download, locking or deletion errors go to next task), "FAIL" (abort execution to allow standard job failure handling), default is CONTINUE -->
        <on-temporary-error>CONTINUE</on-temporary-error>
    </task>

    <task id="DownloadAndImportGiftCertificates">
        <!-- mandatory, URL to WebDAV or SFTP folder, e.g. "https://www.myserver.com/folder/", "sftp://sftp.myserver.com:22/folder/" -->
        <remote-folder-url>https://www.myserver.invalid/folder/</remote-folder-url>
        <!-- optional, login and password for WebDAV Basic Authentication or Digest Autentication or SFTP -->
        <remote-login>dwserver</remote-login>
        <remote-password>topsecret</remote-password>
        <!-- mandatory, a regular expression, e.g. "^GiftCertificates_.*\.xml$", matching files are imported in alphanumerical order -->
        <remote-file-pattern>^GiftCertificates_.*\.xml$</remote-file-pattern>
        <!-- mandatory, e.g. "marketing", folder is underneath Impex share, src folder, folder is created if it doesn't exist yet -->
        <temp-folder>marketing</temp-folder>
        <!-- mandatory, valid values "MERGE", "UPDATE" -->
        <import-mode>MERGE</import-mode>
        <!-- optional, "TRUE" (regard import as successful even if DATAERRORs occured), "FALSE" (DATAERRORs are regarded as import errors), default is "FALSE" -->
        <ignore-data-errors>FALSE</ignore-data-errors>
        <!-- optional, e.g. "archive", folder is underneath Impex share, src folder, no archiving if not provided -->
        <archive-folder>archive</archive-folder>
        <!-- optional, e.g. "name@company.com", email is sent whenever a file was imported successfully -->
        <success-email>name@company.invalid</success-email>
        <!-- optional, e.g. "name@company.com", email is sent whenever an error occurs -->
        <error-email>name@company.invalid</error-email>
        <!-- optional, valid values "CONTINUE" (in case of download, locking or deletion errors go to next task), "FAIL" (abort execution to allow standard job failure handling), default is CONTINUE -->
        <on-temporary-error>CONTINUE</on-temporary-error>
    </task>

    <task id="DownloadAndImportInventoryLists">
        <!-- mandatory, URL to WebDAV or SFTP folder, e.g. "https://www.myserver.com/folder/", "sftp://sftp.myserver.com:22/folder/" -->
        <remote-folder-url>https://www.myserver.invalid/folder/</remote-folder-url>
        <!-- optional, login and password for WebDAV Basic Authentication or Digest Autentication or SFTP -->
        <remote-login>dwserver</remote-login>
        <remote-password>topsecret</remote-password>
        <!-- mandatory, a regular expression, e.g. "^InventoryList_.*\.xml$", matching files are imported in alphanumerical order -->
        <remote-file-pattern>^InventoryList_.*\.xml$</remote-file-pattern>
        <!-- mandatory, e.g. "catalog", folder is underneath Impex share, src folder, folder is created if it doesn't exist yet -->
        <temp-folder>catalog</temp-folder>
        <!-- mandatory, valid values "MERGE", "UPDATE", "REPLACE", "DELETE" -->
        <import-mode>MERGE</import-mode>
        <!-- optional, "TRUE" (regard import as successful even if DATAERRORs occured), "FALSE" (DATAERRORs are regarded as import errors), default is "FALSE" -->
        <ignore-data-errors>FALSE</ignore-data-errors>
        <!-- optional, e.g. "archive", folder is underneath Impex share, src folder, no archiving if not provided -->
        <archive-folder>archive</archive-folder>
        <!-- optional, e.g. "name@company.com", email is sent whenever a file was imported successfully -->
        <success-email>name@company.invalid</success-email>
        <!-- optional, e.g. "name@company.com", email is sent whenever an error occurs -->
        <error-email>name@company.invalid</error-email>
        <!-- optional, valid values "CONTINUE" (in case of download, locking or deletion errors go to next task), "FAIL" (abort execution to allow standard job failure handling), default is CONTINUE -->
        <on-temporary-error>CONTINUE</on-temporary-error>
    </task>

    <task id="DownloadAndImportPriceBooks">
        <!-- mandatory, URL to WebDAV or SFTP folder, e.g. "https://www.myserver.com/folder/", "sftp://sftp.myserver.com:22/folder/" -->
        <remote-folder-url>https://www.myserver.invalid/folder/</remote-folder-url>
        <!-- optional, login and password for WebDAV Basic Authentication or Digest Autentication or SFTP -->
        <remote-login>dwserver</remote-login>
        <remote-password>topsecret</remote-password>
        <!-- mandatory, a regular expression, e.g. "^PriceBook_.*\.xml$", matching files are imported in alphanumerical order -->
        <remote-file-pattern>^PriceBook_.*\.xml$</remote-file-pattern>
        <!-- mandatory, e.g. "catalog", folder is underneath Impex share, src folder, folder is created if it doesn't exist yet -->
        <temp-folder>catalog</temp-folder>
        <!-- mandatory, valid values "MERGE", "UPDATE", "REPLACE", "DELETE" -->
        <import-mode>MERGE</import-mode>
        <!-- optional, "TRUE" (regard import as successful even if DATAERRORs occured), "FALSE" (DATAERRORs are regarded as import errors), default is "FALSE" -->
        <ignore-data-errors>FALSE</ignore-data-errors>
        <!-- optional, e.g. "archive", folder is underneath Impex share, src folder, no archiving if not provided -->
        <archive-folder>archive</archive-folder>
        <!-- optional, e.g. "name@company.com", email is sent whenever a file was imported successfully -->
        <success-email>name@company.invalid</success-email>
        <!-- optional, e.g. "name@company.com", email is sent whenever an error occurs -->
        <error-email>name@company.invalid</error-email>
        <!-- optional, valid values "CONTINUE" (in case of download, locking or deletion errors go to next task), "FAIL" (abort execution to allow standard job failure handling), default is CONTINUE -->
        <on-temporary-error>CONTINUE</on-temporary-error>
    </task>

    <task id="DownloadAndImportPromotions">
        <!-- mandatory, URL to WebDAV or SFTP folder, e.g. "https://www.myserver.com/folder/", "sftp://sftp.myserver.com:22/folder/" -->
        <remote-folder-url>https://www.myserver.invalid/folder/</remote-folder-url>
        <!-- optional, login and password for WebDAV Basic Authentication or Digest Autentication or SFTP -->
        <remote-login>dwserver</remote-login>
        <remote-password>topsecret</remote-password>
        <!-- mandatory, a regular expression, e.g. "^Promotions_.*\.xml$", matching files are imported in alphanumerical order -->
        <remote-file-pattern>^Promotions_.*\.xml$</remote-file-pattern>
        <!-- mandatory, e.g. "marketing", folder is underneath Impex share, src folder, folder is created if it doesn't exist yet -->
        <temp-folder>marketing</temp-folder>
        <!-- mandatory, valid values "MERGE", "UPDATE", "REPLACE", "DELETE" -->
        <import-mode>MERGE</import-mode>
        <!-- optional, "TRUE" (regard import as successful even if DATAERRORs occured), "FALSE" (DATAERRORs are regarded as import errors), default is "FALSE" -->
        <ignore-data-errors>FALSE</ignore-data-errors>
        <!-- optional, e.g. "archive", folder is underneath Impex share, src folder, no archiving if not provided -->
        <archive-folder>archive</archive-folder>
        <!-- optional, e.g. "name@company.com", email is sent whenever a file was imported successfully -->
        <success-email>name@company.invalid</success-email>
        <!-- optional, e.g. "name@company.com", email is sent whenever an error occurs -->
        <error-email>name@company.invalid</error-email>
        <!-- optional, valid values "CONTINUE" (in case of download, locking or deletion errors go to next task), "FAIL" (abort execution to allow standard job failure handling), default is CONTINUE -->
        <on-temporary-error>CONTINUE</on-temporary-error>
    </task>

    <task id="DownloadAndImportShippingMethods">
        <!-- mandatory, URL to WebDAV or SFTP folder, e.g. "https://www.myserver.com/folder/", "sftp://sftp.myserver.com:22/folder/" -->
        <remote-folder-url>https://www.myserver.invalid/folder/</remote-folder-url>
        <!-- optional, login and password for WebDAV Basic Authentication or Digest Autentication or SFTP -->
        <remote-login>dwserver</remote-login>
        <remote-password>topsecret</remote-password>
        <!-- mandatory, a regular expression, e.g. "^ShippingMethods_.*\.xml$", matching files are imported in alphanumerical order -->
        <remote-file-pattern>^ShippingMethods_.*\.xml$</remote-file-pattern>
        <!-- mandatory, e.g. "order", folder is underneath Impex share, src folder, folder is created if it doesn't exist yet -->
        <temp-folder>order</temp-folder>
        <!-- mandatory, valid values "MERGE", "UPDATE", "REPLACE", "DELETE" -->
        <import-mode>MERGE</import-mode>
        <!-- optional, "TRUE" (regard import as successful even if DATAERRORs occured), "FALSE" (DATAERRORs are regarded as import errors), default is "FALSE" -->
        <ignore-data-errors>FALSE</ignore-data-errors>
        <!-- optional, e.g. "archive", folder is underneath Impex share, src folder, no archiving if not provided -->
        <archive-folder>archive</archive-folder>
        <!-- optional, e.g. "name@company.com", email is sent whenever a file was imported successfully -->
        <success-email>name@company.invalid</success-email>
        <!-- optional, e.g. "name@company.com", email is sent whenever an error occurs -->
        <error-email>name@company.invalid</error-email>
        <!-- optional, valid values "CONTINUE" (in case of download, locking or deletion errors go to next task), "FAIL" (abort execution to allow standard job failure handling), default is CONTINUE -->
        <on-temporary-error>CONTINUE</on-temporary-error>
    </task>

    <task id="DownloadAndImportSlots">
        <!-- mandatory, URL to WebDAV or SFTP folder, e.g. "https://www.myserver.com/folder/", "sftp://sftp.myserver.com:22/folder/" -->
        <remote-folder-url>https://www.myserver.invalid/folder/</remote-folder-url>
        <!-- optional, login and password for WebDAV Basic Authentication or Digest Autentication or SFTP -->
        <remote-login>dwserver</remote-login>
        <remote-password>topsecret</remote-password>
        <!-- mandatory, a regular expression, e.g. "^Slots_.*\.xml$", matching files are imported in alphanumerical order -->
        <remote-file-pattern>^Slots_.*\.xml$</remote-file-pattern>
        <!-- mandatory, e.g. "marketing", folder is underneath Impex share, src folder, folder is created if it doesn't exist yet -->
        <temp-folder>marketing</temp-folder>
        <!-- mandatory, valid values "MERGE", "UPDATE", "REPLACE", "DELETE" -->
        <import-mode>MERGE</import-mode>
        <!-- optional, "TRUE" (regard import as successful even if DATAERRORs occured), "FALSE" (DATAERRORs are regarded as import errors), default is "FALSE" -->
        <ignore-data-errors>FALSE</ignore-data-errors>
        <!-- optional, e.g. "archive", folder is underneath Impex share, src folder, no archiving if not provided -->
        <archive-folder>archive</archive-folder>
        <!-- optional, e.g. "name@company.com", email is sent whenever a file was imported successfully -->
        <success-email>name@company.invalid</success-email>
        <!-- optional, e.g. "name@company.com", email is sent whenever an error occurs -->
        <error-email>name@company.invalid</error-email>
        <!-- optional, valid values "CONTINUE" (in case of download, locking or deletion errors go to next task), "FAIL" (abort execution to allow standard job failure handling), default is CONTINUE -->
        <on-temporary-error>CONTINUE</on-temporary-error>
    </task>

    <task id="DownloadAndImportSourceCodes">
        <!-- mandatory, URL to WebDAV or SFTP folder, e.g. "https://www.myserver.com/folder/", "sftp://sftp.myserver.com:22/folder/" -->
        <remote-folder-url>https://www.myserver.invalid/folder/</remote-folder-url>
        <!-- optional, login and password for WebDAV Basic Authentication or Digest Autentication or SFTP -->
        <remote-login>dwserver</remote-login>
        <remote-password>topsecret</remote-password>
        <!-- mandatory, a regular expression, e.g. "^SourceCodes_.*\.xml$", matching files are imported in alphanumerical order -->
        <remote-file-pattern>^SourceCodes_.*\.xml$</remote-file-pattern>
        <!-- mandatory, e.g. "marketing", folder is underneath Impex share, src folder, folder is created if it doesn't exist yet -->
        <temp-folder>marketing</temp-folder>
        <!-- mandatory, valid values "MERGE", "UPDATE", "REPLACE", "DELETE" -->
        <import-mode>MERGE</import-mode>
        <!-- optional, "TRUE" (regard import as successful even if DATAERRORs occured), "FALSE" (DATAERRORs are regarded as import errors), default is "FALSE" -->
        <ignore-data-errors>FALSE</ignore-data-errors>
        <!-- optional, e.g. "archive", folder is underneath Impex share, src folder, no archiving if not provided -->
        <archive-folder>archive</archive-folder>
        <!-- optional, e.g. "name@company.com", email is sent whenever a file was imported successfully -->
        <success-email>name@company.invalid</success-email>
        <!-- optional, e.g. "name@company.com", email is sent whenever an error occurs -->
        <error-email>name@company.invalid</error-email>
        <!-- optional, valid values "CONTINUE" (in case of download, locking or deletion errors go to next task), "FAIL" (abort execution to allow standard job failure handling), default is CONTINUE -->
        <on-temporary-error>CONTINUE</on-temporary-error>
    </task>

    <task id="DownloadAndImportStores">
        <!-- mandatory, URL to WebDAV or SFTP folder, e.g. "https://www.myserver.com/folder/", "sftp://sftp.myserver.com:22/folder/" -->
        <remote-folder-url>https://www.myserver.invalid/folder/</remote-folder-url>
        <!-- optional, login and password for WebDAV Basic Authentication or Digest Autentication or SFTP -->
        <remote-login>dwserver</remote-login>
        <remote-password>topsecret</remote-password>
        <!-- mandatory, a regular expression, e.g. "^Stores_.*\.xml$", matching files are imported in alphanumerical order -->
        <remote-file-pattern>^Stores_.*\.xml$</remote-file-pattern>
        <!-- mandatory, e.g. "marketing", folder is underneath Impex share, src folder, folder is created if it doesn't exist yet -->
        <temp-folder>marketing</temp-folder>
        <!-- mandatory, valid values "MERGE", "UPDATE", "REPLACE", "DELETE" -->
        <import-mode>MERGE</import-mode>
        <!-- optional, "TRUE" (regard import as successful even if DATAERRORs occured), "FALSE" (DATAERRORs are regarded as import errors), default is "FALSE" -->
        <ignore-data-errors>FALSE</ignore-data-errors>
        <!-- optional, e.g. "archive", folder is underneath Impex share, src folder, no archiving if not provided -->
        <archive-folder>archive</archive-folder>
        <!-- optional, e.g. "name@company.com", email is sent whenever a file was imported successfully -->
        <success-email>name@company.invalid</success-email>
        <!-- optional, e.g. "name@company.com", email is sent whenever an error occurs -->
        <error-email>name@company.invalid</error-email>
        <!-- optional, valid values "CONTINUE" (in case of download, locking or deletion errors go to next task), "FAIL" (abort execution to allow standard job failure handling), default is CONTINUE -->
        <on-temporary-error>CONTINUE</on-temporary-error>
    </task>

    <task id="DownloadAndImportTaxTable">
        <!-- mandatory, URL to WebDAV or SFTP folder, e.g. "https://www.myserver.com/folder/", "sftp://sftp.myserver.com:22/folder/" -->
        <remote-folder-url>https://www.myserver.invalid/folder/</remote-folder-url>
        <!-- optional, login and password for WebDAV Basic Authentication or Digest Autentication or SFTP -->
        <remote-login>dwserver</remote-login>
        <remote-password>topsecret</remote-password>
        <!-- mandatory, a regular expression, e.g. "^TaxTable_.*\.xml$", matching files are imported in alphanumerical order -->
        <remote-file-pattern>^TaxTable_.*\.xml$</remote-file-pattern>
        <!-- mandatory, e.g. "order", folder is underneath Impex share, src folder, folder is created if it doesn't exist yet -->
        <temp-folder>order</temp-folder>
        <!-- mandatory, valid values "MERGE", "UPDATE", "REPLACE", "DELETE" -->
        <import-mode>MERGE</import-mode>
        <!-- optional, "TRUE" (regard import as successful even if DATAERRORs occured), "FALSE" (DATAERRORs are regarded as import errors), default is "FALSE" -->
        <ignore-data-errors>FALSE</ignore-data-errors>
        <!-- optional, e.g. "archive", folder is underneath Impex share, src folder, no archiving if not provided -->
        <archive-folder>archive</archive-folder>
        <!-- optional, e.g. "name@company.com", email is sent whenever a file was imported successfully -->
        <success-email>name@company.invalid</success-email>
        <!-- optional, e.g. "name@company.com", email is sent whenever an error occurs -->
        <error-email>name@company.invalid</error-email>
        <!-- optional, valid values "CONTINUE" (in case of download, locking or deletion errors go to next task), "FAIL" (abort execution to allow standard job failure handling), default is CONTINUE -->
        <on-temporary-error>CONTINUE</on-temporary-error>
    </task>

    <!-- export and upload orders that are EXPORT_STATUS_READY and exportAfter > now -->
    <task id="ExportAndUploadOrders">
        <!-- mandatory, URL to WebDAV or SFTP folder, e.g. "https://www.myserver.com/folder/", "sftp://sftp.myserver.com:22/folder/" -->
        <remote-folder-url>https://www.myserver.invalid/folder/</remote-folder-url>
        <!-- optional, login and password for WebDAV Basic Authentication or Digest Autentication or SFTP -->
        <remote-login>dwserver</remote-login>
        <remote-password>topsecret</remote-password>
        <!-- mandatory, e.g. "order", folder is underneath Impex share, src folder, folder is created if it doesn't exist yet -->
        <temp-folder>order</temp-folder>
        <!-- optional, prefix for generated files, e.g. "Orders_" will create files like "Orders_2009-06-23_14-32-56.xml" (timestamp in GMT) -->
        <file-prefix>Orders_</file-prefix>
        <!-- optional, encryption algorithm for payment information, e.g. "RSA" -->
        <encryption-algorithm>RSA</encryption-algorithm>
        <!-- optional, base64 encoded public key for payment information -->
        <encryption-key>aN+iNvAlId/kEy</encryption-key>
        <!-- optional, e.g. "archive", folder is underneath Impex share, src folder, no archiving if not provided -->
        <archive-folder>archive</archive-folder>
        <!-- optional, e.g. "name@company.com", email is sent whenever a file was uploaded successfully -->
        <success-email>name@company.invalid</success-email>
        <!-- optional, e.g. "name@company.com", email is sent whenever an error occurs -->
        <error-email>name@company.invalid</error-email>
        <!-- optional, valid values "CONTINUE" (in case of upload error go to next task), "FAIL" (abort execution to allow standard job failure handling), default is CONTINUE -->
        <on-temporary-error>CONTINUE</on-temporary-error>
    </task>

</tasks>
