<?xml version="1.0" encoding="UTF-8" ?>
<?demandware-pipeline version="2.0"?>

<pipeline group="Test" type="view">
  <branch basename="Start">
    <segment>
      <node>
        <start-node name="Start" secure="false"/>
        <node-display x="1" y="2"/>
      </node>
      <simple-transition>
        <transition-display>
          <bend-point relative-to="source" x="0" y="1"/>
        </transition-display>
      </simple-transition>
      <node>
        <pipelet-node pipelet-name="Assign" pipelet-set-identifier="bc_api">
          <config-property key="Transactional" value="false"/>
          <key-binding alias="CurrentHttpParameterMap.mainmenuname.value" key="From_0"/>
          <key-binding alias="mainmenuname" key="To_0"/>
          <key-binding alias="CurrentHttpParameterMap.CurrentMenuItemId.value" key="From_1"/>
          <key-binding alias="CurrentMenuItemId" key="To_1"/>
          <key-binding alias="null" key="From_2"/>
          <key-binding alias="null" key="To_2"/>
          <key-binding alias="null" key="From_3"/>
          <key-binding alias="null" key="To_3"/>
          <key-binding alias="null" key="From_4"/>
          <key-binding alias="null" key="To_4"/>
          <key-binding alias="null" key="From_5"/>
          <key-binding alias="null" key="To_5"/>
          <key-binding alias="null" key="From_6"/>
          <key-binding alias="null" key="To_6"/>
          <key-binding alias="null" key="From_7"/>
          <key-binding alias="null" key="To_7"/>
          <key-binding alias="null" key="From_8"/>
          <key-binding alias="null" key="To_8"/>
          <key-binding alias="null" key="From_9"/>
          <key-binding alias="null" key="To_9"/>
        </pipelet-node>
        <node-display x="0" y="1"/>
      </node>
      <simple-transition>
        <transition-display>
          <bend-point relative-to="source" x="0" y="1"/>
        </transition-display>
      </simple-transition>
      <node>
        <interaction-node transaction-required="false">
          <template buffered="true" dynamic="false" name="tfd/totalfiledemanderui"/>
        </interaction-node>
        <node-display x="0" y="1"/>
      </node>
    </segment>
  </branch>
  <branch basename="LocalFS">
    <segment>
      <node>
        <start-node name="LocalFS" secure="false"/>
        <node-display x="4" y="2"/>
      </node>
      <simple-transition>
        <transition-display>
          <bend-point relative-to="source" x="0" y="1"/>
        </transition-display>
      </simple-transition>
      <node>
        <pipelet-node pipelet-name="Script" pipelet-set-identifier="bc_api">
          <config-property key="Transactional" value="false"/>
          <config-property key="OnError" value="PIPELET_ERROR"/>
          <config-property key="ScriptFile" value="browseremote/ListLocalFolder.ds"/>
          <key-binding alias="ScriptLog" key="ScriptLog"/>
          <key-binding alias="CurrentForms.browselocal.basePath.value" key="BasePath"/>
          <key-binding alias="CurrentForms.browselocal.relativePath.value" key="RelativePath"/>
          <key-binding alias="LocalObjectList" key="ObjectList"/>
          <key-binding alias="LocalStatus" key="Status"/>
          <key-binding alias="CurrentForms.browselocal.catalogID.value" key="CatalogID"/>
          <key-binding alias="CurrentForms.browselocal.siteID.value" key="SiteID"/>
          <key-binding alias="AnalyzerResult" key="AnalyzerResult"/>
          <key-binding alias="CurrentForms.browselocal.analyzeFolderSize.checked" key="Analyze"/>
          <key-binding alias="CurrentForms.browselocal.analyzeFolderSize.value" key="AnalyzeType"/>
          <key-binding alias="CurrentForms.browselocal.analyzeFolderSize.value" key="AnalyticType"/>
        </pipelet-node>
        <node-display x="0" y="1"/>
        <branch basename="b2" source-connector="error">
          <transition target-connector="in2" target-path="./+1">
            <transition-display>
              <bend-point relative-to="source" x="1" y="0"/>
              <bend-point relative-to="target" x="1" y="0"/>
            </transition-display>
          </transition>
        </branch>
      </node>
      <transition target-connector="in1" target-path="./+1"/>
    </segment>
    <segment>
      <node>
        <join-node/>
        <node-display x="0" y="1"/>
      </node>
      <simple-transition>
        <transition-display>
          <bend-point relative-to="source" x="0" y="1"/>
        </transition-display>
      </simple-transition>
      <node>
        <interaction-node transaction-required="false">
          <template buffered="true" dynamic="false" name="tfd/localfscontent"/>
        </interaction-node>
        <node-display x="0" y="1"/>
      </node>
    </segment>
  </branch>
  <branch basename="RemoteFS">
    <segment>
      <node>
        <start-node name="RemoteFS" secure="false"/>
        <node-display x="6" y="2"/>
      </node>
      <simple-transition>
        <transition-display>
          <bend-point relative-to="source" x="0" y="1"/>
        </transition-display>
      </simple-transition>
      <node>
        <pipelet-node pipelet-name="Script" pipelet-set-identifier="bc_api">
          <config-property key="Transactional" value="false"/>
          <config-property key="OnError" value="PIPELET_ERROR"/>
          <config-property key="ScriptFile" value="browseremote/ListRemoteFolder.ds"/>
          <key-binding alias="ScriptLog" key="ScriptLog"/>
          <key-binding alias="CurrentForms.remotefs.protocol.value" key="Protocol"/>
          <key-binding alias="CurrentForms.browseremote.filesystem.url.value" key="URL"/>
          <key-binding alias="CurrentForms.browseremote.filesystem.user.value" key="User"/>
          <key-binding alias="CurrentForms.browseremote.filesystem.password.value" key="Password"/>
          <key-binding alias="RemoteObjectList" key="ObjectList"/>
          <key-binding alias="RemoteStatus" key="Status"/>
          <key-binding alias="CurrentForms.browseremote.filesystem.path.value" key="PATH"/>
        </pipelet-node>
        <node-display x="0" y="1"/>
        <branch basename="b2" source-connector="error">
          <transition target-connector="in2" target-path="./+1">
            <transition-display>
              <bend-point relative-to="source" x="1" y="0"/>
              <bend-point relative-to="target" x="1" y="0"/>
            </transition-display>
          </transition>
        </branch>
      </node>
      <transition target-connector="in1" target-path="./+1"/>
    </segment>
    <segment>
      <node>
        <join-node/>
        <node-display x="0" y="1"/>
      </node>
      <simple-transition>
        <transition-display>
          <bend-point relative-to="source" x="0" y="1"/>
        </transition-display>
      </simple-transition>
      <node>
        <interaction-node transaction-required="false">
          <template buffered="true" dynamic="false" name="tfd/remotefscontent"/>
        </interaction-node>
        <node-display x="0" y="1"/>
      </node>
    </segment>
  </branch>
  <branch basename="UploadFileToLocaleFS">
    <segment>
      <node>
        <start-node name="UploadFileToLocaleFS" secure="false"/>
        <node-display x="9" y="2"/>
      </node>
      <simple-transition/>
      <node>
        <pipelet-node pipelet-name="Script" pipelet-set-identifier="bc_api">
          <config-property key="Transactional" value="false"/>
          <config-property key="OnError" value="PIPELET_ERROR"/>
          <config-property key="ScriptFile" value="browseremote/SaveUploadedFile.ds"/>
          <key-binding alias="ScriptLog" key="ScriptLog"/>
          <key-binding alias="CurrentHttpParameterMap" key="CurrentHttpParameterMap"/>
        </pipelet-node>
        <node-display x="0" y="1"/>
        <branch basename="b2" source-connector="error">
          <transition target-connector="in1" target-path="./+1">
            <transition-display>
              <bend-point relative-to="source" x="1" y="0"/>
              <bend-point relative-to="target" x="1" y="0"/>
            </transition-display>
          </transition>
        </branch>
      </node>
      <transition target-connector="in1" target-path="./+1"/>
    </segment>
    <segment>
      <node>
        <join-node/>
        <node-display x="0" y="1"/>
      </node>
      <simple-transition/>
      <node>
        <pipelet-node pipelet-name="Assign" pipelet-set-identifier="bc_api">
          <config-property key="Transactional" value="false"/>
          <key-binding alias="dw.web.URLUtils.https('TFD-Start')" key="From_0"/>
          <key-binding alias="Location" key="To_0"/>
          <key-binding alias="dw.web.URLUtils.https('TFD-Start','SelectedMenuItem','customadminmenuextension_tools','CurrentMenuItemId','customadminmenuextension_tools','menuname','Total File Demander','mainmenuname','Tool Box')" key="From_1"/>
          <key-binding alias="Location1" key="To_1"/>
          <key-binding alias="null" key="From_2"/>
          <key-binding alias="null" key="To_2"/>
          <key-binding alias="null" key="From_3"/>
          <key-binding alias="null" key="To_3"/>
          <key-binding alias="null" key="From_4"/>
          <key-binding alias="null" key="To_4"/>
          <key-binding alias="null" key="From_5"/>
          <key-binding alias="null" key="To_5"/>
          <key-binding alias="null" key="From_6"/>
          <key-binding alias="null" key="To_6"/>
          <key-binding alias="null" key="From_7"/>
          <key-binding alias="null" key="To_7"/>
          <key-binding alias="null" key="From_8"/>
          <key-binding alias="null" key="To_8"/>
          <key-binding alias="null" key="From_9"/>
          <key-binding alias="null" key="To_9"/>
        </pipelet-node>
        <node-display x="0" y="1"/>
      </node>
      <simple-transition>
        <transition-display>
          <bend-point relative-to="source" x="0" y="1"/>
        </transition-display>
      </simple-transition>
      <node>
        <interaction-node transaction-required="false">
          <template buffered="true" dynamic="false" name="tfd/redirectAfterPost.isml"/>
        </interaction-node>
        <node-display x="0" y="1"/>
      </node>
    </segment>
  </branch>
</pipeline>
