
Demandware Product Active Data
productID,revenueDay,unitsDay,ordersDay,impressionsDay,viewsDay,avgSalesPriceDay,conversionDay,revenueWeek,unitsWeek,ordersWeek,impressionsWeek,viewsWeek,avgSalesPriceWeek,conversionWeek,revenueMonth,unitsMonth,ordersMonth,impressionsMonth,viewsMonth,avgSalesPriceMonth,conversionMonth,revenueYear,unitsYear,ordersYear,impressionsYear,viewsYear,avgSalesPriceYear,conversionYear
883239048681,120,2,2,93,18,60,.012214,1004.22,15,14,770,131,71.73,.0122,3677.4,57,54,3375,608,68.1,.011139,40393.08,805,756,41049,5753,53.43,.019509
883239048711,120,2,2,120,12,60,.012214,1100.1,15,15,750,89,73.34,.013071,4325.88,70,59,3385,432,73.32,.012171,44218.2,970,780,36724,3540,56.69,.020129
883239049091,110,2,2,96,29,55,.012214,795.43,19,17,572,200,46.79,.014814,3242.96,65,56,2375,707,57.91,.011552,35697.83,918,791,39180,9333,45.13,.020412
883239049114,165,3,3,108,25,55,.018321,1335,21,20,929,144,66.75,.017428,3361.5,88,75,3384,646,44.82,.015471,48739,1146,940,38344,9015,51.85,.024258
883239049138,660,13,12,195,67,55,.073284,4448.22,107,98,1106,561,45.39,.085398,17731.7,353,347,5921,2048,51.1,.071581,34465.8,532,527,9477,2951,65.4,.0136
