
Demandware Customer Active Data
customerNo,visitsWeek,visitsMonth,visitsYear,orders,orderValue,orderValueMonth,discountValueWithoutCoupon,discountValueWithCoupon,giftUnits,avgOrderValue,sourceCodeOrders,topCategoriesOrdered,productsOrdered,productsViewedMonth,productsAbandonedMonth,giftOrders
S00000003,1,2,19,8,712.96,48.95,64.13,61.74,0,89.12,1,,,,,0
S00000001,4,15,72,39,939.51,245.66,73.34,110.88,19,24.09,0,,,,,16
S00000002,3,7,33,22,1019.92,95.27,84.52,32.6,0,46.36,0,,,,,0
S00000005,2,3,22,19,380.57,16.92,32.87,9.03,0,20.03,4,,,,,0
S00000004,2,3,25,17,2512.94,99.3,94.14,265.83,0,147.82,0,,,,,0