<?xml version="1.0" encoding="UTF-8"?>
<catalog xmlns="http://www.demandware.com/xml/impex/catalog/2006-10-31" catalog-id="Catalog2">

    <!-- try to create a product with the same ID but in a different catalog -> DATAERROR -->
    <product product-id="Prod1">
        <ean/>
        <upc/>
        <unit/>
        <min-order-quantity>1.0</min-order-quantity>
        <step-quantity>1.0</step-quantity>
        <display-name xml:lang="x-default">Prod1</display-name>
        <online-flag>true</online-flag>
        <available-flag>true</available-flag>
        <searchable-flag>true</searchable-flag>
        <page-attributes/>
    </product>

</catalog>
