<?xml version="1.0" encoding="UTF-8"?>
<catalog xmlns="http://www.demandware.com/xml/impex/catalog/2006-10-31" catalog-id="Catalog">

    <category category-id="root">
        <display-name xml:lang="x-default">Catalog</display-name>
        <online-flag>true</online-flag>
        <template/>
        <page-attributes/>
    </category>

    <category category-id="Cat1">
        <display-name xml:lang="x-default">Cat1</display-name>
        <online-flag>true</online-flag>
        <parent>root</parent>
        <template/>
        <page-attributes/>
    </category>

    <product product-id="Prod1">
        <ean/>
        <upc/>
        <unit/>
        <min-order-quantity>1.0</min-order-quantity>
        <step-quantity>1.0</step-quantity>
        <display-name xml:lang="x-default">Prod1</display-name>
        <online-flag>true</online-flag>
        <available-flag>true</available-flag>
        <searchable-flag>true</searchable-flag>
        <page-attributes/>
    </product>
    
    <category-assignment product-id="Prod1" category-id="Cat1">
        <primary-flag>true</primary-flag>
    </category-assignment>


</catalog>
