<?xml version="1.0" encoding="UTF-8"?>
<coupons xmlns="http://www.demandware.com/xml/impex/coupon/2008-06-17">

    <coupon coupon-id="SampleCoupon1">
        <description>Some sample coupons</description>
        <enabled-flag>true</enabled-flag>
        <redemption-limits>
            <limit-per-code>1</limit-per-code>
        </redemption-limits>
        <system-codes>
            <max-number-of-codes>1000</max-number-of-codes>
            <code-prefix>DW</code-prefix>
        </system-codes>
    </coupon>

</coupons>
