<?xml version="1.0" encoding="UTF-8"?>
<customers xmlns="http://www.demandware.com/xml/impex/customer/2006-10-31">

    <customer customer-no="Customer1">
        <credentials>
            <login>customer1</login>
            <password encrypted="false">topsecret</password>
            <enabled-flag>false</enabled-flag>
            <password-question/>
            <password-answer/>
        </credentials>
        <profile>
            <salutation/>
            <title/>
            <first-name>Customer</first-name>
            <second-name/>
            <last-name>One</last-name>
            <suffix/>
            <company-name/>
            <job-title/>
            <email>customer1@company.invalid</email>
            <phone-home>1234567890</phone-home>
            <phone-business>1234567890</phone-business>
            <phone-mobile>1234567890</phone-mobile>
            <fax/>
            <gender>1</gender>
            <preferred-locale/>
        </profile>
        <addresses>
            <address preferred="true" address-id="me">
                <salutation>Mr.</salutation>
                <title/>
                <first-name>Customer</first-name>
                <second-name/>
                <last-name>One</last-name>
                <company-name/>
                <job-title/>
                <address1>10 Presidential Way</address1>
                <address2/>
                <suite/>
                <postbox/>
                <city>Woburn</city>
                <postal-code>01801</postal-code>
                <state-code>MA</state-code>
                <country-code>US</country-code>
                <phone/>
            </address>
        </addresses>
    </customer>

</customers>
