<?xml version="1.0" encoding="UTF-8"?>
<gift-certificates xmlns="http://www.demandware.com/xml/impex/giftcertificate/2007-02-28">

    <gift-certificate gc-id="QRFMJKDJTM">
        <create-date>2008-04-16T20:35:47.440Z</create-date>
        <recipient-name>Anna</recipient-name>
        <recipient-email>anna@company.com</recipient-email>
        <sender-name>Admin Admin</sender-name>
        <message>This is a gift cert just for you!</message>
        <description>a test gift cert</description>
        <order-no>Business Manager</order-no>
        <enabled-flag>false</enabled-flag>
        <status>PENDING</status>
        <currency>USD</currency>
        <amount>10.00</amount>
    </gift-certificate>

</gift-certificates>
