<?xml version="1.0" encoding="UTF-8"?>
<inventory xmlns="http://www.demandware.com/xml/impex/inventory/2007-05-31">

    <inventory-list>
        <header list-id="InventoryList">
            <default-instock>false</default-instock>
            <description>InventoryList</description>
        </header>
        <records>
            <record product-id="Prod1">
                <allocation>10</allocation>
                <perpetual>false</perpetual>
                <preorder-backorder-handling>none</preorder-backorder-handling>
            </record>
        </records>
    </inventory-list>
    
</inventory>
