<?xml version="1.0" encoding="UTF-8"?>
<library xmlns="http://www.demandware.com/xml/impex/library/2006-10-31">
    
    <folder folder-id="root">
        <online-flag>true</online-flag>
        <page-attributes/>
    </folder>

    <folder folder-id="Folder1">
        <display-name xml:lang="x-default">Folder1</display-name>
        <online-flag>true</online-flag>
        <parent>root</parent>
    </folder>

    <content content-id="Content1">
        <display-name xml:lang="x-default">Content1</display-name>
        <online-flag>true</online-flag>
        <searchable-flag>true</searchable-flag>
        <custom-attributes>
            <custom-attribute xml:lang="x-default" attribute-id="body">Sample content</custom-attribute>
        </custom-attributes>
        <folder-links>
            <classification-link folder-id="Folder1">
                <position>0.0</position>
            </classification-link>
        </folder-links>
    </content>

</library>
