<?xml version="1.0" encoding="UTF-8"?>
<pricebooks xmlns="http://www.demandware.com/xml/impex/pricebook/2006-10-31">
    
    <pricebook>
        <header pricebook-id="PriceBook">
            <currency>USD</currency>
            <display-name xml:lang="x-default">PriceBook</display-name>
            <online-flag>true</online-flag>
        </header>
        <price-tables>
            <price-table product-id="Prod1">
                <amount quantity="1">42.42</amount>
            </price-table>
        </price-tables>
    </pricebook>
    
</pricebooks>
