<?xml version="1.0" encoding="UTF-8"?>
<promotions xmlns="http://www.demandware.com/xml/impex/promotion/2008-01-31">

    <campaign campaign-id="SampleCampaign1">
        <enabled-flag>true</enabled-flag>
    </campaign>

    <promotion campaign-id="SampleCampaign1" promotion-id="SamplePromotion1">
        <enabled-flag>true</enabled-flag>
        <exclusivity>no</exclusivity>
        <name xml:lang="x-default">SamplePromotion1</name>
        <order-promotion-rule>
            <discounts condition-type="order-total">
                <discount>
                    <threshold>100.0</threshold>
                    <percentage>10.0</percentage>
                </discount>
            </discounts>
        </order-promotion-rule>
    </promotion>

</promotions>
