<?xml version="1.0" encoding="UTF-8"?>
<shipping xmlns="http://www.demandware.com/xml/impex/shipping/2007-03-31">

    <shipping-method default="false" method-id="Mail.Dummy1">
        <display-name xml:lang="x-default">Dummy1</display-name>
        <online-flag>false</online-flag>
        <tax-class-id>Standard</tax-class-id>
        <price-table>
            <amount order-value="0">6.95</amount>
            <amount order-value="100">7.95</amount>
            <amount order-value="300">8.95</amount>
            <amount order-value="750">9.95</amount>
            <percentage order-value="1000">1</percentage>
        </price-table>
    </shipping-method>

</shipping>
