<?xml version="1.0" encoding="UTF-8"?>
<slot-configurations xmlns="http://www.demandware.com/xml/impex/slot/2008-09-08">

    <slot-configuration slot-id="homepage_banner" context="global" configuration-id="SampleConfig1" default="false">
        <description>Sample Slot Configuration</description>
        <template>slots/template.isml</template>
        <enabled-flag>true</enabled-flag>
        <content>
            <content-assets>
                <content-asset content-id="ContentID1"/>
            </content-assets>
        </content>
    </slot-configuration>
        
</slot-configurations>