<?xml version="1.0" encoding="UTF-8"?>
<sourcecodes xmlns="http://www.demandware.com/xml/impex/sourcecode/2007-03-31">

    <sourcecode-group group-id="SourceCodeGroup1">
        <description>SourceCodeGroup1</description>
        <enabled-flag>false</enabled-flag>
        <active-redirect>
            <default-redirect/>
        </active-redirect>
        <inactive-redirect>
            <default-redirect/>
        </inactive-redirect>
        <code-specs>
            <code-spec>CODESPEC</code-spec>
        </code-specs>
        <pricebooks/>
        <campaigns/>
    </sourcecode-group>

</sourcecodes>
