<?xml version="1.0" encoding="UTF-8"?><metadata xmlns="http://www.demandware.com/xml/impex/metadata/2006-10-31">
    <custom-type type-id="FeedJobConfiguration">
        <display-name xml:lang="x-default">Feed Job Configuration</display-name>
        <description xml:lang="x-default">Configuration of multiple feed integration tasks</description>
        <staging-mode>no-staging</staging-mode>
        <storage-scope>site</storage-scope>
        <key-definition attribute-id="id">
            <display-name xml:lang="x-default">id</display-name>
            <type>string</type>
        </key-definition>
        <attribute-definitions>
            <attribute-definition attribute-id="description">
                <display-name xml:lang="x-default">Description</display-name>
                <type>string</type>
                <localizable-flag>false</localizable-flag>
                <mandatory-flag>false</mandatory-flag>
            </attribute-definition>
            <attribute-definition attribute-id="fromEmail">
                <display-name xml:lang="x-default">From Email</display-name>
                <description xml:lang="x-default">Sender email to be used for success and error emails. Mandatory for email confirmations to work.</description>
                <type>email</type>
                <localizable-flag>false</localizable-flag>
                <mandatory-flag>false</mandatory-flag>
            </attribute-definition>
            <attribute-definition attribute-id="tasksXML">
                <display-name xml:lang="x-default">Tasks XML</display-name>
                <description xml:lang="x-default">Configuration of tasks as XML structure</description>
                <type>text</type>
                <localizable-flag>false</localizable-flag>
                <mandatory-flag>false</mandatory-flag>
            </attribute-definition>
        </attribute-definitions>
        <group-definitions>
            <attribute-group group-id="Editing">
                <display-name xml:lang="x-default">Editing</display-name>
                <attribute attribute-id="id"/>
                <attribute attribute-id="description"/>
                <attribute attribute-id="fromEmail"/>
                <attribute attribute-id="tasksXML"/>
            </attribute-group>
        </group-definitions>
    </custom-type>
</metadata>
